,RAU,Anonimized
0,Distance RAU,1.126185374080928
1,Cost RAU,1.1234753187558904
