,,Anonimized distance,Anonimized cost,Anonimized solution
0,sample0,11623016.712502727,296674504.88260174,"[2, 3, 5, 9, 16, 22, 31, 33, 38, 49]"
1,sample1,11638839.503867775,296984936.5123135,"[0, 1, 3, 5, 16, 22, 31, 33, 38, 49]"
2,sample2,10958119.237360733,279760738.8988427,"[3, 5, 9, 16, 17, 22, 29, 33, 38, 40]"
3,sample3,11623016.712502727,296674504.88260174,"[2, 3, 5, 9, 16, 22, 31, 33, 38, 49]"
4,sample4,10851742.559689187,277105255.22709167,"[2, 3, 5, 9, 16, 22, 29, 33, 38, 40]"
