,RAU,Anonimized
0,Distance RAU,1.1014012414325078
1,Cost RAU,1.0994036287028823
