,,Anonimized distance,Anonimized cost,Anonimized solution
0,sample0,11472294.032473203,293431890.34017724,"[2, 3, 9, 16, 17, 22, 29, 33, 38, 49]"
1,sample1,10488732.281017475,267863596.53561163,"[2, 3, 5, 9, 16, 22, 27, 29, 33, 38]"
2,sample2,11011259.498505523,281116848.5382959,"[3, 5, 9, 16, 22, 29, 33, 38, 40, 49]"
3,sample3,10851742.559689187,277105255.22709167,"[2, 3, 5, 9, 16, 22, 29, 33, 38, 40]"
4,sample4,11623016.712502727,296674504.88260174,"[2, 3, 5, 9, 16, 22, 31, 33, 38, 49]"
