,RAU,Anonimized
0,Distance RAU,1.0689075533674153
1,Cost RAU,1.0669003337854321
