,,Anonimized distance,Anonimized cost,Anonimized solution
0,sample0,11011259.498505523,281116848.5382959,"[3, 5, 9, 16, 22, 29, 33, 38, 40, 49]"
1,sample1,10488732.281017475,267863596.53561163,"[2, 3, 5, 9, 16, 22, 27, 29, 33, 38]"
2,sample2,10856197.80005123,277353847.8384253,"[3, 5, 9, 16, 22, 27, 33, 36, 38, 49]"
3,sample3,10856197.80005123,277353847.8384253,"[3, 5, 9, 16, 22, 27, 33, 36, 38, 49]"
4,sample4,10598851.497595405,270634974.04673326,"[3, 5, 9, 16, 22, 27, 29, 33, 38, 49]"
