,RAU,Anonimized
0,Distance RAU,1.041741966395631
1,Cost RAU,1.03972551096516
