,,Anonimized distance,Anonimized cost,Anonimized solution
0,sample0,12894489.773682632,329303327.63951755,"[0, 1, 2, 3, 9, 16, 33, 38, 48, 49]"
1,sample1,12894489.773682632,329303327.63951755,"[0, 1, 2, 3, 9, 16, 33, 38, 48, 49]"
2,sample2,12894489.773682632,329303327.63951755,"[0, 1, 2, 3, 9, 16, 33, 38, 48, 49]"
3,sample3,12894489.773682632,329303327.63951755,"[0, 1, 2, 3, 9, 16, 33, 38, 48, 49]"
4,sample4,12894489.773682632,329303327.63951755,"[0, 1, 2, 3, 9, 16, 33, 38, 48, 49]"
