,RAU,Anonimized
0,Distance RAU,1.2806820474210292
1,Cost RAU,1.2782068001054627
