,RAU,Anonimized
0,Distance RAU,1.023075137479657
1,Cost RAU,1.0218255562507592
