,,Anonimized distance,Anonimized cost,Anonimized solution
0,sample0,10293376.76136921,263235291.91755286,"[2, 3, 5, 9, 16, 17, 22, 29, 33, 48]"
1,sample1,10293376.76136921,263235291.91755286,"[2, 3, 5, 9, 16, 17, 22, 29, 33, 48]"
2,sample2,10285907.567899771,262689652.00428733,"[1, 3, 5, 9, 16, 17, 19, 22, 29, 33]"
3,sample3,10293376.76136921,263235291.91755286,"[2, 3, 5, 9, 16, 17, 22, 29, 33, 48]"
4,sample4,10218019.63808993,261108090.8560167,"[2, 3, 5, 9, 16, 17, 19, 22, 29, 33]"
