,RAU,Anonimized
0,Distance RAU,1.0206939724831552
1,Cost RAU,1.0196855703274974
