,RAU,Anonimized
0,Distance RAU,1.020842340695514
1,Cost RAU,1.020109155872499
