,RAU,Anonimized
0,Distance RAU,1.015248973289285
1,Cost RAU,1.014236112281167
