,RAU,Anonimized
0,Distance RAU,1.0033876794947287
1,Cost RAU,1.003144620444272
