,RAU,Anonimized
0,Distance RAU,1.0067775667709602
1,Cost RAU,1.0063319010295153
