,,Anonimized distance,Anonimized cost,Anonimized solution
0,sample0,11800719.161232032,301617023.89688265,"[2, 3, 5, 8, 9, 16, 17, 33, 38, 39]"
1,sample1,10659019.523394424,272546663.7258775,"[2, 3, 5, 9, 16, 22, 29, 33, 38, 39]"
2,sample2,10545671.552340975,269485464.3821033,"[3, 4, 5, 9, 16, 17, 22, 23, 33, 38]"
3,sample3,11195050.332653021,286672049.94981354,"[2, 3, 4, 5, 6, 9, 17, 33, 38, 48]"
4,sample4,10626954.299922332,271664970.61155796,"[1, 2, 3, 5, 8, 9, 16, 17, 29, 33]"
