,RAU,Anonimized
0,Distance RAU,1.0890928941327873
1,Cost RAU,1.0883754332356421
