,,Anonimized distance,Anonimized cost,Anonimized solution
0,sample0,10659019.523394424,272546663.7258775,"[2, 3, 5, 9, 16, 22, 29, 33, 38, 39]"
1,sample1,10718331.922674274,274067128.30622065,"[1, 3, 5, 9, 16, 17, 22, 29, 33, 39]"
2,sample2,10659019.523394424,272546663.7258775,"[2, 3, 5, 9, 16, 22, 29, 33, 38, 39]"
3,sample3,10617761.471048426,271531151.9552163,"[2, 3, 4, 5, 6, 9, 16, 17, 22, 33]"
4,sample4,10582613.323323002,271493549.95006436,"[2, 3, 5, 9, 21, 22, 29, 33, 38, 39]"
