,RAU,Anonimized
0,Distance RAU,1.057495810373404
1,Cost RAU,1.0574775201991988
