,RAU,Anonimized
0,Distance RAU,1.053711064637516
1,Cost RAU,1.0524954116428604
