,,Anonimized distance,Anonimized cost,Anonimized solution
0,sample0,10673567.851402357,272585825.180474,"[2, 3, 5, 9, 16, 17, 22, 29, 33, 38]"
1,sample1,10365393.673603047,264936839.76943582,"[1, 2, 3, 5, 9, 16, 17, 22, 29, 33]"
2,sample2,10689212.478297358,273151483.37268233,"[1, 3, 5, 9, 16, 22, 29, 33, 38, 39]"
3,sample3,10659019.523394424,272546663.7258775,"[2, 3, 5, 9, 16, 22, 29, 33, 38, 39]"
4,sample4,10659019.523394424,272546663.7258775,"[2, 3, 5, 9, 16, 22, 29, 33, 38, 39]"
