,RAU,Anonimized
0,Distance RAU,1.0586549127816214
1,Cost RAU,1.0579030628619368
