,RAU,Anonimized
0,Distance RAU,1.0266074777976415
1,Cost RAU,1.0254220697624041
