,,Anonimized distance,Anonimized cost,Anonimized solution
0,sample0,11691751.245051306,299233653.8301404,"[0, 1, 2, 3, 5, 9, 22, 33, 38, 49]"
1,sample1,11324022.857785223,288989330.82968485,"[0, 1, 3, 5, 9, 16, 22, 33, 38, 49]"
2,sample2,12728479.660211265,325194488.2851084,"[0, 1, 2, 3, 9, 16, 22, 33, 38, 49]"
3,sample3,11324022.857785223,288989330.82968485,"[0, 1, 3, 5, 9, 16, 22, 33, 38, 49]"
4,sample4,11324022.857785223,288989330.82968485,"[0, 1, 3, 5, 9, 16, 22, 33, 38, 49]"
