,RAU,Anonimized
0,Distance RAU,1.1599058351657627
1,Cost RAU,1.1577852520148406
