,RAU,Anonimized
0,Distance RAU,1.1247031121890638
1,Cost RAU,1.121726070830335
