,,Anonimized distance,Anonimized cost,Anonimized solution
0,sample0,11324022.857785223,288989330.82968485,"[0, 1, 3, 5, 9, 16, 22, 33, 38, 49]"
1,sample1,11324022.857785223,288989330.82968485,"[0, 1, 3, 5, 9, 16, 22, 33, 38, 49]"
2,sample2,11324022.857785223,288989330.82968485,"[0, 1, 3, 5, 9, 16, 22, 33, 38, 49]"
3,sample3,11324022.857785223,288989330.82968485,"[0, 1, 3, 5, 9, 16, 22, 33, 38, 49]"
4,sample4,11324022.857785223,288989330.82968485,"[0, 1, 3, 5, 9, 16, 22, 33, 38, 49]"
