,,Anonimized distance,Anonimized cost,Anonimized solution
0,sample0,13806388.991104072,353333386.6146649,"[0, 1, 2, 3, 9, 16, 31, 33, 48, 49]"
1,sample1,13806388.991104072,353333386.6146649,"[0, 1, 2, 3, 9, 16, 31, 33, 48, 49]"
2,sample2,12635094.996602733,324144915.0673508,"[0, 1, 2, 3, 4, 9, 16, 18, 48, 49]"
3,sample3,16204298.419658905,420387969.5792648,"[0, 1, 2, 3, 4, 9, 18, 31, 48, 49]"
4,sample4,13525707.957793597,346626714.92000175,"[0, 1, 2, 3, 9, 16, 18, 33, 48, 49]"
