,RAU,Anonimized
0,Distance RAU,1.390042031613727
1,Cost RAU,1.3956700113472835
