,RAU,Anonimized
0,Distance RAU,1.5204775905732022
1,Cost RAU,1.5351086670292744
