,,Anonimized distance,Anonimized cost,Anonimized solution
0,sample0,17378376.462592613,451095696.9151438,"[0, 1, 2, 3, 9, 31, 33, 44, 48, 49]"
1,sample1,13029889.10354286,334054668.34414744,"[0, 1, 2, 3, 9, 16, 18, 33, 44, 49]"
2,sample2,16750470.839670008,434074201.0506649,"[0, 1, 2, 3, 9, 18, 31, 33, 44, 49]"
3,sample3,16750470.839670008,434074201.0506649,"[0, 1, 2, 3, 9, 18, 31, 33, 44, 49]"
4,sample4,12635094.996602733,324144915.0673508,"[0, 1, 2, 3, 4, 9, 16, 18, 48, 49]"
