,,Anonimized distance,Anonimized cost,Anonimized solution
0,sample0,13158572.272876743,337203084.9060969,"[0, 1, 3, 9, 16, 18, 31, 33, 44, 49]"
1,sample1,13158572.272876743,337203084.9060969,"[0, 1, 3, 9, 16, 18, 31, 33, 44, 49]"
2,sample2,13158572.272876743,337203084.9060969,"[0, 1, 3, 9, 16, 18, 31, 33, 44, 49]"
3,sample3,13158572.272876743,337203084.9060969,"[0, 1, 3, 9, 16, 18, 31, 33, 44, 49]"
4,sample4,16750470.839670008,434074201.0506649,"[0, 1, 2, 3, 9, 18, 31, 33, 44, 49]"
