,RAU,Anonimized
0,Distance RAU,1.3782602951818572
1,Cost RAU,1.384072075094258
