,RAU,Anonimized
0,Distance RAU,1.3069107483383968
1,Cost RAU,1.308870090178188
