,RAU,Anonimized
0,Distance RAU,2.0335099643298844
1,Cost RAU,2.069332446292919
