,RAU,Anonimized
0,Distance RAU,2.0695146169385867
1,Cost RAU,2.10783721288095
