,RAU,Anonimized
0,Distance RAU,1.0207905454856565
1,Cost RAU,1.0198245873390432
