,RAU,Anonimized
0,Distance RAU,1.018464429604763
1,Cost RAU,1.0172139086120795
