,RAU,Anonimized
0,Distance RAU,1.0235709957304764
1,Cost RAU,1.0225754952000674
