,RAU,Anonimized
0,Distance RAU,2.0402405426249217
1,Cost RAU,2.0787732664876866
