,,Anonimized distance,Anonimized cost,Anonimized solution
0,sample0,21983380.876923993,573255488.1168796,"[0, 1, 2, 3, 4, 5, 6, 7, 8, 28]"
1,sample1,21983380.876923993,573255488.1168796,"[0, 1, 2, 3, 4, 5, 6, 7, 8, 28]"
2,sample2,14776828.627352528,384740965.1056943,"[6, 9, 28, 30, 32, 40, 46, 47, 48, 49]"
3,sample3,21983380.876923993,573255488.1168796,"[0, 1, 2, 3, 4, 5, 6, 7, 8, 28]"
4,sample4,21983380.876923993,573255488.1168796,"[0, 1, 2, 3, 4, 5, 6, 7, 8, 28]"
