,RAU,Anonimized
0,Distance RAU,1.1377717976248127
1,Cost RAU,1.13480289929816
