,RAU,Anonimized
0,Distance RAU,1.1352015317874327
1,Cost RAU,1.1319575716275905
