,,Anonimized distance,Anonimized cost,Anonimized solution
0,sample0,10847511.138996419,276883830.0599381,"[1, 2, 3, 5, 9, 16, 22, 33, 38, 42]"
1,sample1,11370385.027331434,290063825.35586,"[1, 2, 3, 5, 9, 16, 17, 33, 38, 42]"
2,sample2,12041610.659346137,307147416.3944363,"[1, 2, 3, 5, 7, 9, 16, 17, 33, 38]"
3,sample3,12041610.659346137,307147416.3944363,"[1, 2, 3, 5, 7, 9, 16, 17, 33, 38]"
4,sample4,10847511.138996419,276883830.0599381,"[1, 2, 3, 5, 9, 16, 22, 33, 38, 42]"
