,,Anonimized distance,Anonimized cost,Anonimized solution
0,sample0,11644617.494639773,297301295.75940853,"[1, 2, 3, 5, 9, 16, 17, 22, 33, 38]"
1,sample1,11644617.494639773,297301295.75940853,"[1, 2, 3, 5, 9, 16, 17, 22, 33, 38]"
2,sample2,11644617.494639773,297301295.75940853,"[1, 2, 3, 5, 9, 16, 17, 22, 33, 38]"
3,sample3,11644617.494639773,297301295.75940853,"[1, 2, 3, 5, 9, 16, 17, 22, 33, 38]"
4,sample4,11644617.494639773,297301295.75940853,"[1, 2, 3, 5, 9, 16, 17, 22, 33, 38]"
