,RAU,Anonimized
0,Distance RAU,1.156544604417556
1,Cost RAU,1.1539893648928876
