,RAU,Anonimized
0,Distance RAU,1.0065501727065964
1,Cost RAU,1.0069677882414985
