,RAU,Anonimized
0,Distance RAU,1.0019612515744205
1,Cost RAU,1.0017681129759746
