,RAU,Anonimized
0,Distance RAU,2.040374006059127
1,Cost RAU,2.07622231601364
