,RAU,Anonimized
0,Distance RAU,1.72517622399943
1,Cost RAU,1.75304487376229
