,,Anonimized distance,Anonimized cost,Anonimized solution
0,sample0,10673567.851402357,272585825.180474,"[2, 3, 5, 9, 16, 17, 22, 29, 33, 38]"
1,sample1,10673567.851402357,272585825.180474,"[2, 3, 5, 9, 16, 17, 22, 29, 33, 38]"
2,sample2,10324381.551922802,263760193.62990662,"[2, 3, 5, 9, 16, 22, 29, 30, 33, 38]"
3,sample3,10556649.895729069,269371103.94403005,"[3, 5, 9, 16, 17, 19, 22, 29, 33, 38]"
4,sample4,10556649.895729069,269371103.94403005,"[3, 5, 9, 16, 17, 19, 22, 29, 33, 38]"
