,RAU,Anonimized
0,Distance RAU,1.0485186890515785
1,Cost RAU,1.046212408350162
