,RAU,Anonimized
0,Distance RAU,1.0420018160962377
1,Cost RAU,1.0402345174832153
