,RAU,Anonimized
0,Distance RAU,1.0510508351542027
1,Cost RAU,1.0491447937130294
