,RAU,Anonimized
0,Distance RAU,1.0173571780129456
1,Cost RAU,1.0161734135327922
