,RAU,Anonimized
0,Distance RAU,1.02224396073247
1,Cost RAU,1.0210120608877173
