,,Anonimized distance,Anonimized cost,Anonimized solution
0,sample0,12503703.518094473,320137165.17494947,"[2, 3, 9, 10, 16, 17, 22, 33, 34, 49]"
1,sample1,12507131.660481138,320722147.21674585,"[2, 3, 9, 17, 18, 31, 33, 38, 42, 49]"
2,sample2,10881834.488115145,278913007.4265157,"[3, 5, 9, 22, 33, 34, 36, 38, 42, 49]"
3,sample3,10897546.69159976,278126216.3051001,"[3, 5, 9, 16, 17, 22, 29, 31, 33, 38]"
4,sample4,11790199.70583688,301751226.7056721,"[2, 3, 9, 16, 18, 31, 33, 36, 38, 42]"
