,RAU,Anonimized
0,Distance RAU,1.1636425868808316
1,Cost RAU,1.1641926234786826
