,,Anonimized distance,Anonimized cost,Anonimized solution
0,sample0,11189362.246065103,285969746.7787565,"[3, 5, 9, 16, 18, 31, 33, 36, 38, 42]"
1,sample1,11000150.03637182,282074938.0101853,"[2, 3, 9, 16, 17, 18, 22, 33, 36, 42]"
2,sample2,11527764.145990632,295200039.9180767,"[2, 3, 9, 16, 17, 18, 22, 33, 36, 38]"
3,sample3,11466698.408054184,294519865.87448406,"[2, 3, 9, 17, 18, 22, 33, 36, 38, 42]"
4,sample4,10972077.746716501,280640540.22566646,"[3, 5, 9, 16, 18, 33, 34, 36, 38, 49]"
