,RAU,Anonimized
0,Distance RAU,1.1154849809430447
1,Cost RAU,1.1166478229560868
