,RAU,Anonimized
0,Distance RAU,1.0835251212871213
1,Cost RAU,1.0838256781387343
