,,Anonimized distance,Anonimized cost,Anonimized solution
0,sample0,11527764.145990632,295200039.9180767,"[2, 3, 9, 16, 17, 18, 22, 33, 36, 38]"
1,sample1,10675352.639954533,273228407.5161213,"[2, 3, 4, 5, 9, 16, 17, 18, 22, 33]"
2,sample2,10805739.909320295,276644490.15451646,"[2, 3, 5, 9, 16, 17, 18, 22, 33, 36]"
3,sample3,10732523.908659924,274407997.1989383,"[2, 3, 5, 9, 16, 18, 22, 33, 38, 44]"
4,sample4,10805739.909320295,276644490.15451646,"[2, 3, 5, 9, 16, 17, 18, 22, 33, 36]"
