,RAU,Anonimized
0,Distance RAU,1.0732271965667037
1,Cost RAU,1.0738089744246404
