,RAU,Anonimized
0,Distance RAU,1.002185485631111
1,Cost RAU,1.002503167521139
