,RAU,Anonimized
0,Distance RAU,1.0645054497690243
1,Cost RAU,1.0624180781653085
