,,Anonimized distance,Anonimized cost,Anonimized solution
0,sample0,10673567.851402357,272585825.180474,"[2, 3, 5, 9, 16, 17, 22, 29, 33, 38]"
1,sample1,10673567.851402357,272585825.180474,"[2, 3, 5, 9, 16, 17, 22, 29, 33, 38]"
2,sample2,10673567.851402357,272585825.180474,"[2, 3, 5, 9, 16, 17, 22, 29, 33, 38]"
3,sample3,10895355.558075003,278206015.61467403,"[2, 3, 5, 9, 16, 22, 29, 33, 38, 49]"
4,sample4,10673567.851402357,272585825.180474,"[2, 3, 5, 9, 16, 17, 22, 29, 33, 38]"
