,RAU,Anonimized
0,Distance RAU,1.182382418091316
1,Cost RAU,1.1848852680497186
