,,Anonimized distance,Anonimized cost,Anonimized solution
0,sample0,12157722.197620055,311891936.4741697,"[2, 3, 9, 10, 13, 17, 33, 38, 40, 43]"
1,sample1,13254692.99848353,339939499.0494063,"[3, 8, 9, 13, 17, 18, 22, 33, 38, 46]"
2,sample2,11218931.92086565,288126928.2006667,"[3, 5, 8, 9, 10, 13, 33, 38, 39, 40]"
3,sample3,12046195.008211832,307940886.8763777,"[3, 9, 16, 17, 18, 29, 31, 33, 38, 43]"
4,sample4,10846279.690556327,278405654.08155006,"[3, 5, 8, 9, 18, 22, 33, 38, 43, 49]"
