,,Anonimized distance,Anonimized cost,Anonimized solution
0,sample0,11541927.412711026,295729678.9617761,"[3, 8, 9, 16, 17, 18, 29, 33, 46, 49]"
1,sample1,11754598.164099159,302070442.4387163,"[3, 8, 9, 13, 15, 17, 18, 29, 33, 38]"
2,sample2,11313933.553821553,290160905.9459055,"[3, 5, 8, 9, 17, 18, 22, 33, 38, 49]"
3,sample3,11160809.753088698,285857977.80381864,"[3, 9, 16, 17, 18, 22, 31, 32, 33, 49]"
4,sample4,11123326.581766399,284146502.27753174,"[3, 5, 9, 16, 18, 22, 33, 38, 42, 46]"
