,RAU,Anonimized
0,Distance RAU,1.1301554119131485
1,Cost RAU,1.131832732618717
