,RAU,Anonimized
0,Distance RAU,1.1020920239683025
1,Cost RAU,1.102427207978112
