,,Anonimized distance,Anonimized cost,Anonimized solution
0,sample0,10953508.349760352,280947269.97257173,"[3, 8, 9, 13, 16, 17, 18, 32, 33, 49]"
1,sample1,11064332.552989135,283264046.3585258,"[3, 5, 9, 13, 16, 17, 18, 22, 33, 40]"
2,sample2,11180881.090002714,285984038.3553763,"[3, 5, 9, 16, 17, 18, 22, 33, 46, 49]"
3,sample3,11266893.254294196,287991252.34829575,"[3, 5, 9, 16, 17, 18, 22, 33, 38, 49]"
4,sample4,11016205.402090011,281900299.23728865,"[3, 5, 9, 16, 17, 18, 22, 33, 40, 43]"
