,,Anonimized distance,Anonimized cost,Anonimized solution
0,sample0,10991385.366267899,281356315.99213177,"[3, 5, 9, 16, 17, 18, 22, 24, 33, 49]"
