,RAU,Anonimized
0,Distance RAU,1.091665522399752
1,Cost RAU,1.0920981544026376
