,,Anonimized distance,Anonimized cost,Anonimized solution
0,sample0,14472655.637313709,369233139.9330979,"[0, 1, 2, 3, 4, 5, 6, 16, 38, 49]"
1,sample1,12726274.375240006,325468272.1163705,"[0, 1, 2, 3, 4, 5, 6, 9, 38, 49]"
2,sample2,12334864.872597665,314716495.80625224,"[0, 1, 2, 3, 4, 5, 9, 16, 38, 49]"
3,sample3,12726274.375240006,325468272.1163705,"[0, 1, 2, 3, 4, 5, 6, 9, 38, 49]"
4,sample4,12003876.812491804,306821527.78686464,"[0, 1, 2, 3, 4, 9, 16, 38, 48, 49]"
