,RAU,Anonimized
0,Distance RAU,1.2765403436117426
1,Cost RAU,1.2744735808683816
