,RAU,Anonimized
0,Distance RAU,1.2146410630226492
1,Cost RAU,1.213718468169937
