,,Anonimized distance,Anonimized cost,Anonimized solution
0,sample0,12003876.812491804,306821527.78686464,"[0, 1, 2, 3, 4, 9, 16, 38, 48, 49]"
1,sample1,12003876.812491804,306821527.78686464,"[0, 1, 2, 3, 4, 9, 16, 38, 48, 49]"
2,sample2,12003876.812491804,306821527.78686464,"[0, 1, 2, 3, 4, 9, 16, 38, 48, 49]"
3,sample3,12003876.812491804,306821527.78686464,"[0, 1, 2, 3, 4, 9, 16, 38, 48, 49]"
4,sample4,12003876.812491804,306821527.78686464,"[0, 1, 2, 3, 4, 9, 16, 38, 48, 49]"
