,RAU,Anonimized
0,Distance RAU,1.1922262767300866
1,Cost RAU,1.1909426061592414
