,,Anonimized distance,Anonimized cost,Anonimized solution
0,sample0,13473438.045929492,344772010.3453587,"[3, 9, 16, 38, 42, 43, 44, 45, 48, 49]"
