,RAU,Anonimized
0,Distance RAU,1.3381832492262573
1,Cost RAU,1.338249240505349
