,RAU,Anonimized
0,Distance RAU,1.135378489190745
1,Cost RAU,1.142619349613078
