,RAU,Anonimized
0,Distance RAU,2.0847254364757997
1,Cost RAU,2.123828044465654
