,RAU,Anonimized
0,Distance RAU,2.0843365227116446
1,Cost RAU,2.122581620577136
