,RAU,Anonimized
0,Distance RAU,1.6304284319308904
1,Cost RAU,1.6530336820694835
