,,Anonimized distance,Anonimized cost,Anonimized solution
0,sample0,11624524.261698507,297302020.0210498,"[2, 3, 5, 9, 13, 16, 18, 22, 33, 38]"
1,sample1,11307570.1424604,288918733.809884,"[3, 5, 9, 10, 16, 17, 22, 33, 38, 49]"
2,sample2,12051703.75050472,307996430.63094723,"[3, 5, 9, 13, 16, 17, 18, 22, 33, 38]"
3,sample3,11835009.510449156,302468435.4283323,"[2, 3, 5, 9, 16, 17, 18, 22, 33, 38]"
4,sample4,11628861.369691495,297622154.47036517,"[2, 3, 5, 9, 13, 16, 17, 18, 22, 33]"
