,RAU,Anonimized
0,Distance RAU,1.161005697166132
1,Cost RAU,1.1600455861345145
