,RAU,Anonimized
0,Distance RAU,1.1891432195733709
1,Cost RAU,1.1879413884133223
