,RAU,Anonimized
0,Distance RAU,1.1739366226670933
1,Cost RAU,1.1729721514202787
