,,Anonimized distance,Anonimized cost,Anonimized solution
0,sample0,11624524.261698507,297302020.0210498,"[2, 3, 5, 9, 13, 16, 18, 22, 33, 38]"
1,sample1,12390058.957431015,316584578.8121122,"[2, 3, 5, 9, 13, 16, 17, 18, 33, 38]"
2,sample2,11624524.261698507,297302020.0210498,"[2, 3, 5, 9, 13, 16, 18, 22, 33, 38]"
3,sample3,11835009.510449156,302468435.4283323,"[2, 3, 5, 9, 16, 17, 18, 22, 33, 38]"
4,sample4,11624524.261698507,297302020.0210498,"[2, 3, 5, 9, 13, 16, 18, 22, 33, 38]"
