,RAU,Anonimized
0,Distance RAU,1.1545489424600701
1,Cost RAU,1.153992176149493
