,RAU,Anonimized
0,Distance RAU,1.0036280074630013
1,Cost RAU,1.0035074122029874
