,RAU,Anonimized
0,Distance RAU,1.003922503148841
1,Cost RAU,1.0035362259519494
