,RAU,Anonimized
0,Distance RAU,2.3513418870610416
1,Cost RAU,2.3838635405364434
