,RAU,Anonimized
0,Distance RAU,2.4464878772737015
1,Cost RAU,2.48947048743592
