,,Anonimized distance,Anonimized cost,Anonimized solution
0,sample0,24632353.501378734,641360158.2352563,"[0, 1, 2, 3, 4, 5, 6, 7, 33, 49]"
1,sample1,24632353.501378734,641360158.2352563,"[0, 1, 2, 3, 4, 5, 6, 7, 33, 49]"
2,sample2,24632353.501378734,641360158.2352563,"[0, 1, 2, 3, 4, 5, 6, 7, 33, 49]"
3,sample3,24632353.501378734,641360158.2352563,"[0, 1, 2, 3, 4, 5, 6, 7, 33, 49]"
4,sample4,24632353.501378734,641360158.2352563,"[0, 1, 2, 3, 4, 5, 6, 7, 33, 49]"
