,RAU,Anonimized
0,Distance RAU,1.0369308481602844
1,Cost RAU,1.0354841346343762
