,,Anonimized distance,Anonimized cost,Anonimized solution
0,sample0,10293376.76136921,263235291.91755286,"[2, 3, 5, 9, 16, 17, 22, 29, 33, 48]"
1,sample1,10673567.851402357,272585825.180474,"[2, 3, 5, 9, 16, 17, 22, 29, 33, 38]"
2,sample2,10443948.50246486,266884621.70766973,"[2, 3, 4, 5, 9, 16, 22, 30, 33, 38]"
3,sample3,10466184.096723856,267388539.41078305,"[2, 3, 5, 6, 9, 16, 17, 19, 22, 33]"
4,sample4,10324381.551922802,263760193.62990662,"[2, 3, 5, 9, 16, 22, 29, 30, 33, 38]"
