,RAU,Anonimized
0,Distance RAU,1.035172614209071
1,Cost RAU,1.0333418145019984
