,RAU,Anonimized
0,Distance RAU,1.0571133737456202
1,Cost RAU,1.0549824554459162
