,RAU,Anonimized
0,Distance RAU,1.0488935751252557
1,Cost RAU,1.0470314911733842
