,RAU,Anonimized
0,Distance RAU,1.0586066139788939
1,Cost RAU,1.0565187626943795
