,,Anonimized distance,Anonimized cost,Anonimized solution
0,sample0,10936929.274321442,280328009.0719373,"[2, 3, 5, 9, 22, 28, 33, 38, 42, 48]"
1,sample1,11030476.542066442,282717289.29353034,"[2, 3, 5, 9, 22, 30, 33, 38, 39, 44]"
2,sample2,10857702.822844353,277650656.23733616,"[2, 3, 5, 8, 9, 16, 17, 21, 22, 33]"
3,sample3,11110534.029875923,285185161.890472,"[2, 3, 5, 9, 22, 23, 33, 38, 39, 49]"
4,sample4,10740151.111789575,274402525.2356217,"[3, 5, 9, 16, 17, 22, 28, 29, 33, 38]"
