,RAU,Anonimized
0,Distance RAU,1.086081089716385
1,Cost RAU,1.087053742070677
