,,Anonimized distance,Anonimized cost,Anonimized solution
0,sample0,10709123.362173466,273564463.99851346,"[3, 5, 9, 16, 17, 22, 33, 38, 42, 49]"
1,sample1,10401891.370299507,265934960.29205984,"[2, 3, 5, 6, 9, 16, 17, 21, 22, 33]"
2,sample2,10458270.82359039,267251716.78505453,"[2, 3, 5, 9, 16, 28, 29, 30, 33, 38]"
3,sample3,10443948.50246486,266884621.70766973,"[2, 3, 4, 5, 9, 16, 22, 30, 33, 38]"
4,sample4,10541307.194234366,269461228.5321741,"[3, 4, 5, 9, 16, 22, 28, 30, 33, 38]"
