,RAU,Anonimized
0,Distance RAU,1.0439444859653195
1,Cost RAU,1.0426591919410697
