,,Anonimized distance,Anonimized cost,Anonimized solution
0,sample0,10518793.399548652,269800940.6217918,"[2, 3, 5, 9, 22, 23, 30, 33, 38, 42]"
1,sample1,10443948.50246486,266884621.70766973,"[2, 3, 4, 5, 9, 16, 22, 30, 33, 38]"
2,sample2,10443948.50246486,266884621.70766973,"[2, 3, 4, 5, 9, 16, 22, 30, 33, 38]"
3,sample3,10443948.50246486,266884621.70766973,"[2, 3, 4, 5, 9, 16, 22, 30, 33, 38]"
4,sample4,10585188.325465595,271522026.9640988,"[2, 3, 4, 5, 9, 22, 23, 33, 38, 48]"
