,RAU,Anonimized
0,Distance RAU,1.0415863482287722
1,Cost RAU,1.041789601974652
