,RAU,Anonimized
0,Distance RAU,1.0372940369145383
1,Cost RAU,1.0359255728012273
