,RAU,Anonimized
0,Distance RAU,1.0116878513819472
1,Cost RAU,1.010566570475786
