,RAU,Anonimized
0,Distance RAU,1.0154880236040162
1,Cost RAU,1.0142266201918229
