,RAU,Anonimized
0,Distance RAU,1.0146588031664154
1,Cost RAU,1.0132673082345407
