,,Anonimized distance,Anonimized cost,Anonimized solution
0,sample0,11554728.54254067,295062049.5986278,"[1, 2, 3, 5, 16, 17, 21, 22, 33, 38]"
1,sample1,11434130.53450356,291792493.5490316,"[1, 2, 3, 5, 7, 16, 21, 22, 33, 38]"
2,sample2,11909740.48427789,303804430.33606774,"[1, 2, 3, 5, 9, 16, 17, 21, 33, 38]"
3,sample3,11554728.54254067,295062049.5986278,"[1, 2, 3, 5, 16, 17, 21, 22, 33, 38]"
4,sample4,11554728.54254067,295062049.5986278,"[1, 2, 3, 5, 16, 17, 21, 22, 33, 38]"
