,RAU,Anonimized
0,Distance RAU,1.1522732276612453
1,Cost RAU,1.1495462293377432
