,RAU,Anonimized
0,Distance RAU,1.1521124393192506
1,Cost RAU,1.1497925341655537
