,,Anonimized distance,Anonimized cost,Anonimized solution
0,sample0,11554728.54254067,295062049.5986278,"[1, 2, 3, 5, 16, 17, 21, 22, 33, 38]"
1,sample1,11432950.732702255,292018967.727266,"[2, 3, 5, 9, 16, 17, 21, 22, 33, 38]"
2,sample2,11192801.951543493,286410471.1964449,"[1, 2, 3, 5, 9, 17, 21, 33, 38, 42]"
3,sample3,11909740.48427789,303804430.33606774,"[1, 2, 3, 5, 9, 16, 17, 21, 33, 38]"
4,sample4,11909740.48427789,303804430.33606774,"[1, 2, 3, 5, 9, 16, 17, 21, 33, 38]"
