,RAU,Anonimized
0,Distance RAU,1.1828766469525864
1,Cost RAU,1.1792315964168465
