,RAU,Anonimized
0,Distance RAU,1.0030653400097387
1,Cost RAU,1.003403759863217
