,RAU,Anonimized
0,Distance RAU,1.0013846174510652
1,Cost RAU,1.0018094677023164
