,RAU,Anonimized
0,Distance RAU,1.000706275395625
1,Cost RAU,1.000759726785046
