,RAU,Anonimized
0,Distance RAU,1.0037174683222818
1,Cost RAU,1.0035269915927942
