,RAU,Anonimized
0,Distance RAU,1.0058837547232615
1,Cost RAU,1.005304338927924
