,RAU,Anonimized
0,Distance RAU,1.004709404658794
1,Cost RAU,1.004374932836884
