,RAU,Anonimized
0,Distance RAU,1.004628778544466
1,Cost RAU,1.0042959527369955
