,,Anonimized distance,Anonimized cost,Anonimized solution
0,sample0,12323488.511333026,315621316.040279,"[0, 1, 2, 3, 4, 5, 9, 10, 16, 49]"
1,sample1,12635094.996602733,324144915.0673508,"[0, 1, 2, 3, 4, 9, 16, 18, 48, 49]"
2,sample2,16012908.079425162,415752596.9948834,"[0, 1, 2, 3, 4, 9, 10, 18, 48, 49]"
3,sample3,12635094.996602733,324144915.0673508,"[0, 1, 2, 3, 4, 9, 16, 18, 48, 49]"
4,sample4,12635094.996602733,324144915.0673508,"[0, 1, 2, 3, 4, 9, 16, 18, 48, 49]"
