,RAU,Anonimized
0,Distance RAU,1.3158261223233048
1,Cost RAU,1.3226831496955855
