,,Anonimized distance,Anonimized cost,Anonimized solution
0,sample0,14293396.705860153,366258149.7066703,"[0, 1, 2, 3, 9, 10, 16, 18, 48, 49]"
1,sample1,14293396.705860153,366258149.7066703,"[0, 1, 2, 3, 9, 10, 16, 18, 48, 49]"
2,sample2,17408976.573584005,451278651.67031586,"[0, 1, 2, 3, 9, 10, 18, 47, 48, 49]"
3,sample3,14293396.705860153,366258149.7066703,"[0, 1, 2, 3, 9, 10, 16, 18, 48, 49]"
4,sample4,14293396.705860153,366258149.7066703,"[0, 1, 2, 3, 9, 10, 16, 18, 48, 49]"
