,RAU,Anonimized
0,Distance RAU,1.4815095698963965
1,Cost RAU,1.4876509685229933
