,RAU,Anonimized
0,Distance RAU,1.419621627466228
1,Cost RAU,1.42164873007779
