,RAU,Anonimized
0,Distance RAU,1.9871457666623416
1,Cost RAU,1.9840110326227094
