,RAU,Anonimized
0,Distance RAU,1.0556201335123465
1,Cost RAU,1.0534461481974524
