,RAU,Anonimized
0,Distance RAU,1.0600998542121678
1,Cost RAU,1.058055069942843
