,RAU,Anonimized
0,Distance RAU,1.0040425520066163
1,Cost RAU,1.0039800020719343
