,RAU,Anonimized
0,Distance RAU,1.0058837547232613
1,Cost RAU,1.005304338927924
