,RAU,Anonimized
0,Distance RAU,1.391182072860146
1,Cost RAU,1.4023125631933417
