,,Anonimized distance,Anonimized cost,Anonimized solution
0,sample0,12403983.037688082,318123385.6308535,"[0, 1, 2, 3, 4, 9, 18, 38, 48, 49]"
1,sample1,12206266.988871224,312471104.5671669,"[0, 1, 2, 3, 4, 5, 9, 16, 48, 49]"
2,sample2,16510519.281444447,428832535.8990482,"[0, 1, 2, 3, 4, 5, 6, 9, 48, 49]"
3,sample3,16510519.281444447,428832535.8990482,"[0, 1, 2, 3, 4, 5, 6, 9, 48, 49]"
4,sample4,12403983.037688082,318123385.6308535,"[0, 1, 2, 3, 4, 9, 18, 38, 48, 49]"
