,RAU,Anonimized
0,Distance RAU,1.2966861509179228
1,Cost RAU,1.2978845289060301
