,,Anonimized distance,Anonimized cost,Anonimized solution
0,sample0,13686423.43554509,349714837.7137277,"[0, 1, 2, 3, 9, 16, 18, 38, 48, 49]"
1,sample1,12635094.996602733,324144915.0673508,"[0, 1, 2, 3, 4, 9, 16, 18, 48, 49]"
2,sample2,12635094.996602733,324144915.0673508,"[0, 1, 2, 3, 4, 9, 16, 18, 48, 49]"
3,sample3,13686423.43554509,349714837.7137277,"[0, 1, 2, 3, 9, 16, 18, 38, 48, 49]"
4,sample4,12635094.996602733,324144915.0673508,"[0, 1, 2, 3, 4, 9, 16, 18, 48, 49]"
