,RAU,Anonimized
0,Distance RAU,1.3593369799772315
1,Cost RAU,1.3574350641023483
