,,Anonimized distance,Anonimized cost,Anonimized solution
0,sample0,21983380.876923993,573255488.1168796,"[0, 1, 2, 3, 4, 5, 6, 7, 8, 28]"
1,sample1,21983380.876923993,573255488.1168796,"[0, 1, 2, 3, 4, 5, 6, 7, 8, 28]"
2,sample2,14387079.407721624,373480256.6103073,"[27, 28, 29, 30, 31, 32, 33, 34, 48, 49]"
3,sample3,16336928.643937968,424650199.85665154,"[24, 25, 26, 27, 28, 29, 46, 47, 48, 49]"
4,sample4,21983380.876923993,573255488.1168796,"[0, 1, 2, 3, 4, 5, 6, 7, 8, 28]"
