,RAU,Anonimized
0,Distance RAU,1.9203373130956554
1,Cost RAU,1.9546677461314792
