,,Anonimized distance,Anonimized cost,Anonimized solution
0,sample0,10167189.031620638,259906734.21958205,"[3, 5, 9, 16, 22, 23, 29, 30, 33, 38]"
1,sample1,10122773.808288414,258835925.58797437,"[3, 5, 9, 16, 17, 19, 22, 23, 29, 33]"
2,sample2,10167189.031620638,259906734.21958205,"[3, 5, 9, 16, 22, 23, 29, 30, 33, 38]"
3,sample3,10104010.674680749,258607785.84835178,"[3, 5, 9, 16, 17, 22, 23, 33, 42, 49]"
4,sample4,10167189.031620638,259906734.21958205,"[3, 5, 9, 16, 22, 23, 29, 30, 33, 38]"
