,RAU,Anonimized
0,Distance RAU,1.0076690167855495
1,Cost RAU,1.0070008995856674
