,RAU,Anonimized
0,Distance RAU,1.0066385893656642
1,Cost RAU,1.006112786252879
