,RAU,Anonimized
0,Distance RAU,1.0049724445010773
1,Cost RAU,1.0045353777837227
