,RAU,Anonimized
0,Distance RAU,1.0021289280188999
1,Cost RAU,1.0019359857044703
