,RAU,Anonimized
0,Distance RAU,2.1833916444027466
1,Cost RAU,2.225118915017124
