,RAU,Anonimized
0,Distance RAU,1.0098062578721023
1,Cost RAU,1.0088405648798735
