,RAU,Anonimized
0,Distance RAU,1.018625975036671
1,Cost RAU,1.0174811657569625
