,RAU,Anonimized
0,Distance RAU,1.0177967545990705
1,Cost RAU,1.0165218537996803
