,RAU,Anonimized
0,Distance RAU,1.0156839793599433
1,Cost RAU,1.0144630007510553
