,RAU,Anonimized
0,Distance RAU,1.0148547589223422
1,Cost RAU,1.0135036887937732
