,RAU,Anonimized
0,Distance RAU,1.0497194165705168
1,Cost RAU,1.0498878488126238
