,,Anonimized distance,Anonimized cost,Anonimized solution
0,sample0,10797063.332389869,276831233.81228626,"[2, 3, 5, 9, 13, 22, 30, 33, 38, 42]"
1,sample1,10443948.50246486,266884621.70766973,"[2, 3, 4, 5, 9, 16, 22, 30, 33, 38]"
2,sample2,10546744.139900658,270693738.3347449,"[2, 3, 5, 9, 18, 22, 24, 29, 33, 38]"
3,sample3,10479997.850713268,267536397.39969632,"[2, 3, 5, 9, 16, 22, 29, 33, 38, 43]"
4,sample4,10577510.576659508,270462563.5810409,"[2, 3, 5, 9, 16, 18, 22, 29, 33, 38]"
