,,Anonimized distance,Anonimized cost,Anonimized solution
0,sample0,10324381.551922802,263760193.62990662,"[2, 3, 5, 9, 16, 22, 29, 30, 33, 38]"
1,sample1,10827464.796567347,277003074.2971992,"[2, 3, 5, 9, 16, 18, 22, 33, 36, 38]"
2,sample2,10324381.551922802,263760193.62990662,"[2, 3, 5, 9, 16, 22, 29, 30, 33, 38]"
3,sample3,10697077.527201563,273586991.658804,"[2, 3, 4, 5, 9, 16, 18, 22, 33, 38]"
4,sample4,10577510.576659508,270462563.5810409,"[2, 3, 5, 9, 16, 18, 22, 29, 33, 38]"
