,RAU,Anonimized
0,Distance RAU,1.0478432916572789
1,Cost RAU,1.0469102835155346
