,,Anonimized distance,Anonimized cost,Anonimized solution
0,sample0,10324381.551922802,263760193.62990662,"[2, 3, 5, 9, 16, 22, 29, 30, 33, 38]"
1,sample1,10577510.576659508,270462563.5810409,"[2, 3, 5, 9, 16, 18, 22, 29, 33, 38]"
2,sample2,10574335.771830618,270300704.3460638,"[2, 3, 5, 9, 16, 22, 30, 33, 36, 38]"
3,sample3,10324381.551922802,263760193.62990662,"[2, 3, 5, 9, 16, 22, 29, 30, 33, 38]"
4,sample4,10443948.50246486,266884621.70766973,"[2, 3, 4, 5, 9, 16, 22, 30, 33, 38]"
