,RAU,Anonimized
0,Distance RAU,1.037786971373148
1,Cost RAU,1.0365040542074102
