,,Anonimized distance,Anonimized cost,Anonimized solution
0,sample0,10921565.060136594,278765177.2661678,"[0, 2, 3, 5, 9, 16, 22, 29, 33, 38]"
1,sample1,10673567.851402357,272585825.180474,"[2, 3, 5, 9, 16, 17, 22, 29, 33, 38]"
2,sample2,10324381.551922802,263760193.62990662,"[2, 3, 5, 9, 16, 22, 29, 30, 33, 38]"
3,sample3,10594467.905527052,270459357.3690968,"[1, 2, 3, 5, 9, 16, 22, 29, 33, 38]"
4,sample4,10319655.430226747,263536472.79941517,"[2, 3, 5, 9, 16, 21, 22, 29, 33, 38]"
