,RAU,Anonimized
0,Distance RAU,1.0494884654916603
1,Cost RAU,1.0473248402179565
