,RAU,Anonimized
0,Distance RAU,1.0585286112640175
1,Cost RAU,1.0564042724023561
