,,Anonimized distance,Anonimized cost,Anonimized solution
0,sample0,10673567.851402357,272585825.180474,"[2, 3, 5, 9, 16, 17, 22, 29, 33, 38]"
1,sample1,10598394.739714043,270606837.55048317,"[3, 5, 9, 16, 17, 22, 27, 29, 33, 38]"
2,sample2,10598394.739714043,270606837.55048317,"[3, 5, 9, 16, 17, 22, 27, 29, 33, 38]"
3,sample3,10598394.739714043,270606837.55048317,"[3, 5, 9, 16, 17, 22, 27, 29, 33, 38]"
4,sample4,10598394.739714043,270606837.55048317,"[3, 5, 9, 16, 17, 22, 27, 29, 33, 38]"
