,RAU,Anonimized
0,Distance RAU,1.0541268932790726
1,Cost RAU,1.0519098409489889
