,,Anonimized distance,Anonimized cost,Anonimized solution
0,sample0,11757926.48204811,300979890.1562477,"[3, 5, 7, 9, 17, 22, 31, 33, 38, 49]"
1,sample1,12964202.284894936,332033975.9309031,"[1, 3, 7, 9, 17, 22, 31, 33, 38, 49]"
2,sample2,12082365.29643862,309005313.29994345,"[1, 3, 5, 7, 9, 17, 22, 31, 33, 38]"
3,sample3,11866494.490741266,303678392.1207367,"[0, 1, 3, 5, 17, 22, 31, 33, 38, 49]"
4,sample4,12185583.12635595,313142263.38735944,"[0, 1, 3, 5, 9, 17, 22, 31, 33, 49]"
