,RAU,Anonimized
0,Distance RAU,1.2088561887551361
1,Cost RAU,1.2101424492251016
