,RAU,Anonimized
0,Distance RAU,1.2198193360887963
1,Cost RAU,1.219577590729187
