,,Anonimized distance,Anonimized cost,Anonimized solution
0,sample0,12139774.294814087,310474534.82671994,"[1, 3, 5, 7, 9, 17, 31, 33, 38, 49]"
1,sample1,12082365.29643862,309005313.29994345,"[1, 3, 5, 7, 9, 17, 22, 31, 33, 38]"
2,sample2,12139774.294814087,310474534.82671994,"[1, 3, 5, 7, 9, 17, 31, 33, 38, 49]"
3,sample3,12964202.284894936,332033975.9309031,"[1, 3, 7, 9, 17, 22, 31, 33, 38, 49]"
4,sample4,12082365.29643862,309005313.29994345,"[1, 3, 5, 7, 9, 17, 22, 31, 33, 38]"
