,,Anonimized distance,Anonimized cost,Anonimized solution
0,sample0,12082365.29643862,309005313.29994345,"[1, 3, 5, 7, 9, 17, 22, 31, 33, 38]"
1,sample1,12082365.29643862,309005313.29994345,"[1, 3, 5, 7, 9, 17, 22, 31, 33, 38]"
2,sample2,12082365.29643862,309005313.29994345,"[1, 3, 5, 7, 9, 17, 22, 31, 33, 38]"
3,sample3,12082365.29643862,309005313.29994345,"[1, 3, 5, 7, 9, 17, 22, 31, 33, 38]"
4,sample4,12082365.29643862,309005313.29994345,"[1, 3, 5, 7, 9, 17, 22, 31, 33, 38]"
