,RAU,Anonimized
0,Distance RAU,1.2000217610093589
1,Cost RAU,1.1994190752942413
