,RAU,Anonimized
0,Distance RAU,1.2478905262784825
1,Cost RAU,1.2481399023577797
