,RAU,Anonimized
0,Distance RAU,1.2166786714843383
1,Cost RAU,1.2170192476717991
