,,Anonimized distance,Anonimized cost,Anonimized solution
0,sample0,12250074.652725207,313539630.6971602,"[0, 3, 5, 9, 16, 21, 32, 33, 36, 49]"
1,sample1,12250074.652725207,313539630.6971602,"[0, 3, 5, 9, 16, 21, 32, 33, 36, 49]"
2,sample2,12250074.652725207,313539630.6971602,"[0, 3, 5, 9, 16, 21, 32, 33, 36, 49]"
3,sample3,12250074.652725207,313539630.6971602,"[0, 3, 5, 9, 16, 21, 32, 33, 36, 49]"
4,sample4,12250074.652725207,313539630.6971602,"[0, 3, 5, 9, 16, 21, 32, 33, 36, 49]"
