,RAU,Anonimized
0,Distance RAU,1.0072963055145112
1,Cost RAU,1.0068237924980166
