,RAU,Anonimized
0,Distance RAU,1.0094821058478418
1,Cost RAU,1.0087121783321311
