,RAU,Anonimized
0,Distance RAU,1.9522891136644833
1,Cost RAU,1.948631633150301
