,,Anonimized distance,Anonimized cost,Anonimized solution
0,sample0,16921882.73323393,432599655.72107047,"[3, 13, 14, 15, 16, 17, 18, 19, 24, 33]"
1,sample1,23629918.89328243,603408710.0878984,"[3, 13, 14, 15, 16, 17, 18, 19, 24, 25]"
2,sample2,18551405.50427912,473654639.8657564,"[0, 3, 14, 15, 16, 17, 25, 33, 35, 38]"
3,sample3,18523133.067994706,472882011.8745553,"[3, 14, 15, 16, 17, 25, 33, 35, 38, 41]"
4,sample4,20656336.840808522,527576510.0747197,"[3, 9, 13, 14, 15, 16, 17, 18, 19, 20]"
