,RAU,Anonimized
0,Distance RAU,1.6948225863557238
1,Cost RAU,1.715120488080973
