,,Anonimized distance,Anonimized cost,Anonimized solution
0,sample0,16982217.313697916,434141947.2046215,"[3, 14, 15, 16, 17, 18, 19, 24, 25, 33]"
1,sample1,17084752.198455498,443795798.69699097,"[0, 1, 2, 3, 4, 5, 6, 33, 48, 49]"
2,sample2,17084752.198455498,443795798.69699097,"[0, 1, 2, 3, 4, 5, 6, 33, 48, 49]"
3,sample3,17084752.198455498,443795798.69699097,"[0, 1, 2, 3, 4, 5, 6, 33, 48, 49]"
4,sample4,17084752.198455498,443795798.69699097,"[0, 1, 2, 3, 4, 5, 6, 33, 48, 49]"
