,RAU,Anonimized
0,Distance RAU,1.0060223858533137
1,Cost RAU,1.0055345296154958
