,RAU,Anonimized
0,Distance RAU,1.0088949476499183
1,Cost RAU,1.008071603735672
