,RAU,Anonimized
0,Distance RAU,2.066229948849234
1,Cost RAU,2.104640023227819
