,RAU,Anonimized
0,Distance RAU,2.0532478499374154
1,Cost RAU,2.0915568609840163
