,RAU,Anonimized
0,Distance RAU,1.033623411583855
1,Cost RAU,1.0329436413177013
