,,Anonimized distance,Anonimized cost,Anonimized solution
0,sample0,10403681.131573409,266195022.4534522,"[2, 3, 5, 9, 16, 17, 21, 22, 33, 36]"
1,sample1,10324381.551922802,263760193.62990662,"[2, 3, 5, 9, 16, 22, 29, 30, 33, 38]"
2,sample2,10259764.48207483,262343824.4624697,"[2, 3, 5, 9, 16, 17, 22, 27, 29, 33]"
3,sample3,10624295.338617567,271619627.1175793,"[2, 3, 5, 9, 16, 17, 22, 29, 33, 36]"
4,sample4,10422832.3753082,266663278.55192253,"[2, 3, 5, 9, 16, 17, 23, 33, 36, 42]"
