,RAU,Anonimized
0,Distance RAU,1.0418167898236381
1,Cost RAU,1.0406979706282224
