,RAU,Anonimized
0,Distance RAU,1.045858722296603
1,Cost RAU,1.0450160905506682
