,RAU,Anonimized
0,Distance RAU,1.0226455477498368
1,Cost RAU,1.0217104861414006
