,RAU,Anonimized
0,Distance RAU,1.0203349080943842
1,Cost RAU,1.0190383632295181
