,RAU,Anonimized
0,Distance RAU,1.0125170718195475
1,Cost RAU,1.0115258824330682
