,RAU,Anonimized
0,Distance RAU,1.0139965823770016
1,Cost RAU,1.0128618040836435
