,RAU,Anonimized
0,Distance RAU,1.0131384058316604
1,Cost RAU,1.0122199193735135
