,RAU,Anonimized
0,Distance RAU,1.0228598405283065
1,Cost RAU,1.0214195471666603
