,RAU,Anonimized
0,Distance RAU,1.01696753416147
1,Cost RAU,1.015562541842398
