,RAU,Anonimized
0,Distance RAU,1.0190803094005976
1,Cost RAU,1.017621394891023
