,,Anonimized distance,Anonimized cost,Anonimized solution
0,sample0,12277159.895812368,313572159.0886627,"[2, 3, 5, 10, 16, 17, 22, 31, 33, 38]"
1,sample1,12153670.134491919,311110612.1516748,"[2, 3, 5, 9, 10, 17, 31, 33, 38, 49]"
2,sample2,12839542.480518337,328108032.3711657,"[0, 1, 2, 3, 5, 9, 31, 33, 38, 49]"
3,sample3,11705846.820030307,299843090.9680756,"[0, 1, 3, 9, 22, 31, 32, 33, 38, 49]"
4,sample4,11745810.549766954,301053051.2341852,"[2, 3, 9, 17, 22, 31, 32, 33, 38, 49]"
