,RAU,Anonimized
0,Distance RAU,1.20618364768168
1,Cost RAU,1.20614221156502
