,RAU,Anonimized
0,Distance RAU,1.192193634831725
1,Cost RAU,1.1902373791526017
