,,Anonimized distance,Anonimized cost,Anonimized solution
0,sample0,11748299.591629528,300057662.80098623,"[1, 2, 3, 5, 9, 10, 16, 22, 33, 38]"
1,sample1,11319627.55073833,289361650.1441616,"[1, 2, 3, 9, 16, 17, 22, 32, 33, 38]"
2,sample2,13491780.418515602,344392738.2323004,"[1, 2, 3, 9, 16, 17, 31, 33, 38, 49]"
3,sample3,11423309.64772809,292118017.1857399,"[1, 2, 3, 9, 10, 16, 22, 32, 33, 38]"
4,sample4,12034723.586396879,307269135.41021866,"[1, 2, 3, 5, 16, 22, 31, 32, 33, 38]"
