,,Anonimized distance,Anonimized cost,Anonimized solution
0,sample0,11748299.591629528,300057662.80098623,"[1, 2, 3, 5, 9, 10, 16, 22, 33, 38]"
1,sample1,11748299.591629528,300057662.80098623,"[1, 2, 3, 5, 9, 10, 16, 22, 33, 38]"
2,sample2,11748299.591629528,300057662.80098623,"[1, 2, 3, 5, 9, 10, 16, 22, 33, 38]"
3,sample3,11748299.591629528,300057662.80098623,"[1, 2, 3, 5, 9, 10, 16, 22, 33, 38]"
4,sample4,11605588.47326779,296419771.8051328,"[1, 2, 3, 5, 9, 16, 22, 32, 33, 38]"
