,RAU,Anonimized
0,Distance RAU,1.1640075043455156
1,Cost RAU,1.1618642069509113
