,RAU,Anonimized
0,Distance RAU,1.1668423209293604
1,Cost RAU,1.1646883369360368
