,RAU,Anonimized
0,Distance RAU,2.039700428943188
1,Cost RAU,2.077342442200232
