,RAU,Anonimized
0,Distance RAU,2.030878791245741
1,Cost RAU,2.0686554495507803
