,,Anonimized distance,Anonimized cost,Anonimized solution
0,sample0,14305536.75726775,371707742.3693738,"[8, 21, 27, 28, 29, 30, 31, 32, 48, 49]"
1,sample1,21983380.876923993,573255488.1168796,"[0, 1, 2, 3, 4, 5, 6, 7, 8, 28]"
2,sample2,21983380.876923993,573255488.1168796,"[0, 1, 2, 3, 4, 5, 6, 7, 8, 28]"
3,sample3,21983380.876923993,573255488.1168796,"[0, 1, 2, 3, 4, 5, 6, 7, 8, 28]"
4,sample4,21983380.876923993,573255488.1168796,"[0, 1, 2, 3, 4, 5, 6, 7, 8, 28]"
