,,Anonimized distance,Anonimized cost,Anonimized solution
0,sample0,10546076.466322845,269562768.7720662,"[3, 5, 9, 16, 17, 22, 27, 29, 33, 36]"
1,sample1,10546076.466322845,269562768.7720662,"[3, 5, 9, 16, 17, 22, 27, 29, 33, 36]"
2,sample2,10598394.739714043,270606837.55048317,"[3, 5, 9, 16, 17, 22, 27, 29, 33, 38]"
3,sample3,10889015.479022523,278585509.06343925,"[3, 5, 9, 16, 17, 22, 27, 32, 33, 36]"
4,sample4,10624295.338617567,271619627.1175793,"[2, 3, 5, 9, 16, 17, 22, 29, 33, 36]"
