,RAU,Anonimized
0,Distance RAU,1.056842536891041
1,Cost RAU,1.0557326505572884
