,RAU,Anonimized
0,Distance RAU,1.055420322981581
1,Cost RAU,1.0540747786753903
