,,Anonimized distance,Anonimized cost,Anonimized solution
0,sample0,10259764.48207483,262343824.4624697,"[2, 3, 5, 9, 16, 17, 22, 27, 29, 33]"
1,sample1,10624295.338617567,271619627.1175793,"[2, 3, 5, 9, 16, 17, 22, 29, 33, 36]"
2,sample2,10259764.48207483,262343824.4624697,"[2, 3, 5, 9, 16, 17, 22, 27, 29, 33]"
3,sample3,11028556.86667781,281689885.14894897,"[2, 3, 5, 9, 16, 17, 27, 29, 33, 36]"
4,sample4,10959879.83565036,279804769.49007195,"[3, 5, 9, 16, 17, 22, 29, 33, 36, 38]"
