,,Anonimized distance,Anonimized cost,Anonimized solution
0,sample0,10546076.466322845,269562768.7720662,"[3, 5, 9, 16, 17, 22, 27, 29, 33, 36]"
1,sample1,10624295.338617567,271619627.1175793,"[2, 3, 5, 9, 16, 17, 22, 29, 33, 36]"
2,sample2,10624295.338617567,271619627.1175793,"[2, 3, 5, 9, 16, 17, 22, 29, 33, 36]"
3,sample3,10624295.338617567,271619627.1175793,"[2, 3, 5, 9, 16, 17, 22, 29, 33, 36]"
4,sample4,10546076.466322845,269562768.7720662,"[3, 5, 9, 16, 17, 22, 27, 29, 33, 36]"
