,RAU,Anonimized
0,Distance RAU,1.0520986206176193
1,Cost RAU,1.0511112073336584
