,RAU,Anonimized
0,Distance RAU,1.0060362917942067
1,Cost RAU,1.006104497621972
