,,Anonimized distance,Anonimized cost,Anonimized solution
0,sample0,10218019.63808993,261108090.8560167,"[2, 3, 5, 9, 16, 17, 19, 22, 29, 33]"
1,sample1,10104010.674680749,258607785.84835178,"[3, 5, 9, 16, 17, 22, 23, 33, 42, 49]"
2,sample2,10103307.560722683,258794576.0821308,"[2, 3, 5, 16, 17, 22, 23, 33, 36, 42]"
3,sample3,10152363.448576437,259869617.9117432,"[3, 5, 9, 16, 17, 22, 23, 33, 36, 42]"
4,sample4,10068455.16390964,257629147.03031406,"[2, 3, 5, 9, 16, 17, 22, 23, 29, 33]"
