,RAU,Anonimized
0,Distance RAU,1.00209089284669
1,Cost RAU,1.0025691944873625
