,RAU,Anonimized
0,Distance RAU,2.05501522102213
1,Cost RAU,2.0915128276334753
