,RAU,Anonimized
0,Distance RAU,1.0186114202257746
1,Cost RAU,1.0174352955845811
