,RAU,Anonimized
0,Distance RAU,1.0201583609309623
1,Cost RAU,1.0188686120201045
