,RAU,Anonimized
0,Distance RAU,1.0080546788080644
1,Cost RAU,1.007460328566134
