,RAU,Anonimized
0,Distance RAU,1.0343074423653884
1,Cost RAU,1.0332023880538745
