,,Anonimized distance,Anonimized cost,Anonimized solution
0,sample0,10293376.76136921,263235291.91755286,"[2, 3, 5, 9, 16, 17, 22, 29, 33, 48]"
1,sample1,10218019.63808993,261108090.8560167,"[2, 3, 5, 9, 16, 17, 19, 22, 29, 33]"
2,sample2,10793134.801944427,275710253.258237,"[2, 3, 4, 5, 9, 16, 17, 22, 33, 38]"
3,sample3,10218019.63808993,261108090.8560167,"[2, 3, 5, 9, 16, 17, 19, 22, 29, 33]"
4,sample4,10546839.706276342,269753522.8321931,"[2, 3, 5, 8, 9, 16, 17, 29, 30, 33]"
