,RAU,Anonimized
0,Distance RAU,1.0214128680459138
1,Cost RAU,1.0202031871727106
