,RAU,Anonimized
0,Distance RAU,1.016791221178013
1,Cost RAU,1.0162009340295801
