,RAU,Anonimized
0,Distance RAU,1.022339236138807
1,Cost RAU,1.0217605226421804
