,RAU,Anonimized
0,Distance RAU,2.1002440151386885
1,Cost RAU,2.1409123087890083
