,,Anonimized distance,Anonimized cost,Anonimized solution
0,sample0,17298692.994872525,450194683.6568214,"[14, 21, 22, 26, 27, 28, 46, 47, 48, 49]"
