,RAU,Anonimized
0,Distance RAU,1.7181079632632879
1,Cost RAU,1.747452448009887
