,RAU,Anonimized
0,Distance RAU,1.0192446849074488
1,Cost RAU,1.0181582269826308
