,,Anonimized distance,Anonimized cost,Anonimized solution
0,sample0,10259764.48207483,262343824.4624697,"[2, 3, 5, 9, 16, 17, 22, 27, 29, 33]"
1,sample1,10208154.779376637,260803598.24676868,"[3, 5, 9, 16, 17, 19, 22, 27, 29, 33]"
2,sample2,10218019.63808993,261108090.8560167,"[2, 3, 5, 9, 16, 17, 19, 22, 29, 33]"
3,sample3,10365393.673603047,264936839.76943582,"[1, 2, 3, 5, 9, 16, 17, 22, 29, 33]"
4,sample4,10259764.48207483,262343824.4624697,"[2, 3, 5, 9, 16, 17, 22, 27, 29, 33]"
