,RAU,Anonimized
0,Distance RAU,1.009961859197195
1,Cost RAU,1.009584464466609
