,RAU,Anonimized
0,Distance RAU,1.0076357433163012
1,Cost RAU,1.0069737857396455
