,RAU,Anonimized
0,Distance RAU,1.011025630592533
1,Cost RAU,1.0101610663248888
