,RAU,Original
0,Distance RAU,1.001892663529639
1,Cost RAU,1.0019946982469317
