,RAU,Original
0,Distance RAU,1.0003994866240609
1,Cost RAU,1.0003962645769506
