,RAU,Anonimized
0,Distance RAU,2.112910022716925
1,Cost RAU,2.1535736486404646
