,,Anonimized distance,Anonimized cost,Anonimized solution
0,sample0,14441889.746553019,372807083.3237221,"[19, 20, 28, 29, 38, 39, 46, 47, 48, 49]"
