,RAU,Anonimized
0,Distance RAU,1.43436997150466
1,Cost RAU,1.4470687327930933
