,RAU,Anonimized
0,Distance RAU,1.0195066077690373
1,Cost RAU,1.018771377683039
