,RAU,Anonimized
0,Distance RAU,1.0156633382655826
1,Cost RAU,1.0146011033106566
