,RAU,Anonimized
0,Distance RAU,1.0209806641102126
1,Cost RAU,1.0198207486721123
