,RAU,Anonimized
0,Distance RAU,1.0059821447111252
1,Cost RAU,1.0054680025665026
