,RAU,Anonimized
0,Distance RAU,1.0105796112419854
1,Cost RAU,1.0098415125032767
