,RAU,Anonimized
0,Distance RAU,1.011883807137874
1,Cost RAU,1.0108029510350185
