,RAU,Anonimized
0,Distance RAU,1.7071462320075323
1,Cost RAU,1.733864018395505
