,RAU,Anonimized
0,Distance RAU,1.0024775707878208
1,Cost RAU,1.0026012945089013
