,,Anonimized distance,Anonimized cost,Anonimized solution
0,sample0,10068455.16390964,257629147.03031406,"[2, 3, 5, 9, 16, 17, 22, 23, 29, 33]"
1,sample1,10104010.674680749,258607785.84835178,"[3, 5, 9, 16, 17, 22, 23, 33, 42, 49]"
2,sample2,10122773.808288414,258835925.58797437,"[3, 5, 9, 16, 17, 19, 22, 23, 29, 33]"
3,sample3,10068455.16390964,257629147.03031406,"[2, 3, 5, 9, 16, 17, 22, 23, 29, 33]"
4,sample4,10068455.16390964,257629147.03031406,"[2, 3, 5, 9, 16, 17, 22, 23, 29, 33]"
