,RAU,Anonimized
0,Distance RAU,1.001785262062288
1,Cost RAU,1.0016965606577433
