,,Anonimized distance,Anonimized cost,Anonimized solution
0,sample0,10108069.576766532,258709523.72718495,"[3, 5, 16, 17, 19, 22, 23, 33, 42, 49]"
1,sample1,10145338.406792328,259738865.54690623,"[2, 3, 5, 8, 16, 17, 22, 23, 29, 33]"
2,sample2,10078510.696816986,257884370.2927095,"[2, 3, 5, 16, 17, 19, 22, 23, 29, 33]"
3,sample3,10122773.808288414,258835925.58797437,"[3, 5, 9, 16, 17, 19, 22, 23, 29, 33]"
4,sample4,10121311.601058275,258916200.20118168,"[2, 3, 5, 16, 22, 23, 29, 30, 33, 38]"
