,RAU,Anonimized
0,Distance RAU,1.0046427831552973
1,Cost RAU,1.0046106197787377
