,RAU,Anonimized
0,Distance RAU,1.0026190056640076
1,Cost RAU,1.0029387933289662
