,,Anonimized distance,Anonimized cost,Anonimized solution
0,sample0,15321063.754560843,398235706.5556233,"[25, 26, 27, 28, 29, 30, 46, 47, 48, 49]"
1,sample1,21983380.876923993,573255488.1168796,"[0, 1, 2, 3, 4, 5, 6, 7, 8, 28]"
2,sample2,21983380.876923993,573255488.1168796,"[0, 1, 2, 3, 4, 5, 6, 7, 8, 28]"
3,sample3,21983380.876923993,573255488.1168796,"[0, 1, 2, 3, 4, 5, 6, 7, 8, 28]"
4,sample4,21983380.876923993,573255488.1168796,"[0, 1, 2, 3, 4, 5, 6, 7, 8, 28]"
