,RAU,Anonimized
0,Distance RAU,2.051051240360541
1,Cost RAU,2.0892493648682327
