,RAU,Anonimized
0,Distance RAU,1.9527110348745957
1,Cost RAU,1.9563266385997
