,,Anonimized distance,Anonimized cost,Anonimized solution
0,sample0,17441740.114503186,445643007.12304634,"[0, 1, 2, 3, 9, 12, 13, 14, 15, 16]"
1,sample1,18603665.984132215,475482025.0593878,"[0, 2, 3, 9, 12, 13, 14, 15, 16, 24]"
2,sample2,23088663.934721094,590254660.2813468,"[0, 3, 9, 14, 15, 25, 31, 35, 37, 46]"
3,sample3,20588112.204591688,525536159.9881961,"[0, 2, 3, 9, 14, 15, 16, 25, 31, 35]"
4,sample4,18581735.2755841,483117963.62363404,"[0, 1, 2, 3, 5, 6, 9, 11, 12, 49]"
