,,Anonimized distance,Anonimized cost,Anonimized solution
0,sample0,20384543.208079826,531103798.96249557,"[0, 1, 2, 3, 4, 5, 6, 7, 9, 49]"
1,sample1,20384543.208079826,531103798.96249557,"[0, 1, 2, 3, 4, 5, 6, 7, 9, 49]"
2,sample2,20384543.208079826,531103798.96249557,"[0, 1, 2, 3, 4, 5, 6, 7, 9, 49]"
3,sample3,20384543.208079826,531103798.96249557,"[0, 1, 2, 3, 4, 5, 6, 7, 9, 49]"
4,sample4,20384543.208079826,531103798.96249557,"[0, 1, 2, 3, 4, 5, 6, 7, 9, 49]"
