,RAU,Anonimized
0,Distance RAU,2.0245949230769966
1,Cost RAU,2.061505093986912
