,,Anonimized distance,Anonimized cost,Anonimized solution
0,sample0,21983380.876923993,573255488.1168796,"[0, 1, 2, 3, 4, 5, 6, 7, 8, 28]"
1,sample1,21983380.876923993,573255488.1168796,"[0, 1, 2, 3, 4, 5, 6, 7, 8, 28]"
2,sample2,21983380.876923993,573255488.1168796,"[0, 1, 2, 3, 4, 5, 6, 7, 8, 28]"
3,sample3,18207346.124354154,472699600.2751385,"[0, 1, 2, 27, 28, 45, 46, 47, 48, 49]"
4,sample4,17797539.990771253,464785107.4325454,"[23, 24, 25, 26, 27, 28, 29, 30, 48, 49]"
