,RAU,Anonimized
0,Distance RAU,2.0252367833221325
1,Cost RAU,2.0628497999456994
