,RAU,Anonimized
0,Distance RAU,1.0050014898155042
1,Cost RAU,1.0044730598246465
