,RAU,Anonimized
0,Distance RAU,1.0030111929266572
1,Cost RAU,1.002767264807748
