,RAU,Anonimized
0,Distance RAU,1.0253000038481763
1,Cost RAU,1.0241158249931037
