,RAU,Anonimized
0,Distance RAU,1.0282709556326433
1,Cost RAU,1.0268165627518586
