,,Anonimized distance,Anonimized cost,Anonimized solution
0,sample0,10068455.16390964,257629147.03031406,"[2, 3, 5, 9, 16, 17, 22, 23, 29, 33]"
1,sample1,10068455.16390964,257629147.03031406,"[2, 3, 5, 9, 16, 17, 22, 23, 29, 33]"
2,sample2,10078510.696816986,257884370.2927095,"[2, 3, 5, 16, 17, 19, 22, 23, 29, 33]"
3,sample3,10152363.448576437,259869617.9117432,"[3, 5, 9, 16, 17, 22, 23, 33, 36, 42]"
4,sample4,10068455.16390964,257629147.03031406,"[2, 3, 5, 9, 16, 17, 22, 23, 29, 33]"
