,RAU,Anonimized
0,Distance RAU,1.0018664992006114
1,Cost RAU,1.0019374315154883
