,RAU,Anonimized
0,Distance RAU,1.0010917953495937
1,Cost RAU,1.0013009984281092
