,RAU,Anonimized
0,Distance RAU,1.0062246250711118
1,Cost RAU,1.0061232106168132
