,,Anonimized distance,Anonimized cost,Anonimized solution
0,sample0,10150870.481007854,259741353.63565695,"[3, 5, 16, 22, 23, 30, 33, 38, 42, 49]"
1,sample1,10263846.128243497,262425889.24841624,"[3, 5, 9, 16, 17, 21, 22, 29, 33, 49]"
2,sample2,10104010.674680749,258607785.84835178,"[3, 5, 9, 16, 17, 22, 23, 33, 42, 49]"
3,sample3,10068455.16390964,257629147.03031406,"[2, 3, 5, 9, 16, 17, 22, 23, 29, 33]"
4,sample4,10068455.16390964,257629147.03031406,"[2, 3, 5, 9, 16, 17, 22, 23, 29, 33]"
