,RAU,Anonimized
0,Distance RAU,2.3773489747695784
1,Cost RAU,2.418982250456432
