,,Anonimized distance,Anonimized cost,Anonimized solution
0,sample0,23936231.56143405,623200333.8665601,"[1, 5, 9, 17, 19, 20, 23, 24, 25, 35]"
1,sample1,23936231.56143405,623200333.8665601,"[1, 5, 9, 17, 19, 20, 23, 24, 25, 35]"
2,sample2,23936231.56143405,623200333.8665601,"[1, 5, 9, 17, 19, 20, 23, 24, 25, 35]"
3,sample3,23936231.56143405,623200333.8665601,"[1, 5, 9, 17, 19, 20, 23, 24, 25, 35]"
4,sample4,23936231.56143405,623200333.8665601,"[1, 5, 9, 17, 19, 20, 23, 24, 25, 35]"
