,RAU,Anonimized
0,Distance RAU,1.7009325212296995
1,Cost RAU,1.7227547937505663
