,,Anonimized distance,Anonimized cost,Anonimized solution
0,sample0,15925454.607001612,412923897.96882194,"[0, 1, 2, 3, 4, 5, 6, 9, 18, 49]"
1,sample1,15925454.607001612,412923897.96882194,"[0, 1, 2, 3, 4, 5, 6, 9, 18, 49]"
2,sample2,15925454.607001612,412923897.96882194,"[0, 1, 2, 3, 4, 5, 6, 9, 18, 49]"
3,sample3,15925454.607001612,412923897.96882194,"[0, 1, 2, 3, 4, 5, 6, 9, 18, 49]"
4,sample4,15925454.607001612,412923897.96882194,"[0, 1, 2, 3, 4, 5, 6, 9, 18, 49]"
