,RAU,Anonimized
0,Distance RAU,1.5817177856724611
1,Cost RAU,1.6027840899548333
