,RAU,Anonimized
0,Distance RAU,1.0040611342788932
1,Cost RAU,1.0037664166395213
