,,Anonimized distance,Anonimized cost,Anonimized solution
0,sample0,10167189.031620638,259906734.21958205,"[3, 5, 9, 16, 22, 23, 29, 30, 33, 38]"
