,RAU,Anonimized
0,Distance RAU,1.0062550946633642
1,Cost RAU,1.0063492892694657
