,RAU,Anonimized
0,Distance RAU,1.0055596026990008
1,Cost RAU,1.0051759523801818
