,,Anonimized distance,Anonimized cost,Anonimized solution
0,sample0,10068455.16390964,257629147.03031406,"[2, 3, 5, 9, 16, 17, 22, 23, 29, 33]"
1,sample1,10150870.481007854,259741353.63565695,"[3, 5, 16, 22, 23, 30, 33, 38, 42, 49]"
2,sample2,10167189.031620638,259906734.21958205,"[3, 5, 9, 16, 22, 23, 29, 30, 33, 38]"
3,sample3,10167189.031620638,259906734.21958205,"[3, 5, 9, 16, 22, 23, 29, 30, 33, 38]"
4,sample4,10068455.16390964,257629147.03031406,"[2, 3, 5, 9, 16, 17, 22, 23, 29, 33]"
