,RAU,Anonimized
0,Distance RAU,1.0041222464608714
1,Cost RAU,1.0037343582404248
