,RAU,Anonimized
0,Distance RAU,1.007344864761289
1,Cost RAU,1.006872513037925
