,RAU,Anonimized
0,Distance RAU,1.0069336960754978
1,Cost RAU,1.0063034907596973
