,,Anonimized distance,Anonimized cost,Anonimized solution
0,sample0,10068455.16390964,257629147.03031406,"[2, 3, 5, 9, 16, 17, 22, 23, 29, 33]"
1,sample1,10068455.16390964,257629147.03031406,"[2, 3, 5, 9, 16, 17, 22, 23, 29, 33]"
2,sample2,10188579.308478612,260819940.78911105,"[2, 3, 5, 16, 17, 21, 22, 33, 36, 42]"
3,sample3,10237635.19633233,261894982.61872262,"[3, 5, 9, 16, 17, 21, 22, 33, 36, 42]"
4,sample4,10257680.713634394,262483235.82580262,"[2, 3, 5, 9, 16, 17, 33, 34, 36, 42]"
