,RAU,Anonimized
0,Distance RAU,1.009505524311847
1,Cost RAU,1.0095569296289642
