,RAU,Anonimized
0,Distance RAU,1.0015843607630956
1,Cost RAU,1.0020075999907916
