,RAU,Anonimized
0,Distance RAU,1.0006923087255324
1,Cost RAU,1.000904733851158
