,RAU,Anonimized
0,Distance RAU,2.072209713812409
1,Cost RAU,2.11109060054151
