,,Anonimized distance,Anonimized cost,Anonimized solution
0,sample0,11548977.476377271,295188069.0639037,"[1, 2, 3, 5, 9, 16, 18, 22, 33, 38]"
1,sample1,11309783.617689773,289099868.6963241,"[1, 2, 3, 5, 9, 16, 17, 22, 33, 48]"
2,sample2,10912062.756863799,278971136.4167191,"[2, 3, 5, 9, 16, 22, 33, 38, 39, 42]"
3,sample3,10807051.557029512,276016621.13727546,"[1, 2, 3, 5, 6, 9, 16, 17, 33, 48]"
4,sample4,10984793.67378829,281160223.0810776,"[1, 2, 3, 9, 16, 17, 22, 32, 33, 48]"
