,RAU,Anonimized
0,Distance RAU,1.1036979988928777
1,Cost RAU,1.1026981494668873
