,,Anonimized distance,Anonimized cost,Anonimized solution
0,sample0,10484960.624145113,268061267.84719914,"[1, 2, 3, 4, 5, 9, 16, 17, 22, 33]"
1,sample1,11309783.617689773,289099868.6963241,"[1, 2, 3, 5, 9, 16, 17, 22, 33, 48]"
2,sample2,11941700.726613853,304902761.08813417,"[1, 2, 3, 5, 9, 10, 16, 17, 33, 38]"
3,sample3,11644617.494639773,297301295.75940853,"[1, 2, 3, 5, 9, 16, 17, 22, 33, 38]"
4,sample4,10484960.624145113,268061267.84719914,"[1, 2, 3, 4, 5, 9, 16, 17, 22, 33]"
