,RAU,Anonimized
0,Distance RAU,1.1097238290832399
1,Cost RAU,1.1081249755256197
