,RAU,Anonimized
0,Distance RAU,1.0985670427440604
1,Cost RAU,1.097173066679183
