,,Anonimized distance,Anonimized cost,Anonimized solution
0,sample0,10455236.903601114,267224098.2778586,"[1, 2, 3, 4, 5, 9, 16, 17, 33, 34]"
1,sample1,10919777.315416452,278795102.19912827,"[2, 3, 4, 5, 9, 16, 17, 33, 38, 48]"
2,sample2,11309783.617689773,289099868.6963241,"[1, 2, 3, 5, 9, 16, 17, 22, 33, 48]"
3,sample3,11309783.617689773,289099868.6963241,"[1, 2, 3, 5, 9, 16, 17, 22, 33, 48]"
4,sample4,11309783.617689773,289099868.6963241,"[1, 2, 3, 5, 9, 16, 17, 22, 33, 48]"
