,RAU,Anonimized
0,Distance RAU,1.1232888694017005
1,Cost RAU,1.122155128908248
