,RAU,Anonimized
0,Distance RAU,1.004664791531833
1,Cost RAU,1.0042730479808908
