,RAU,Anonimized
0,Distance RAU,1.0029709517844683
1,Cost RAU,1.0027007377587547
