,RAU,Anonimized
0,Distance RAU,2.0413274147338982
1,Cost RAU,2.0607618316615324
