,,Anonimized distance,Anonimized cost,Anonimized solution
0,sample0,24632353.501378734,641360158.2352563,"[0, 1, 2, 3, 4, 5, 6, 7, 33, 49]"
1,sample1,15984087.51150931,408338181.2068726,"[0, 1, 2, 3, 15, 16, 33, 35, 38, 48]"
2,sample2,17188325.295205124,446693908.1257868,"[0, 1, 2, 3, 4, 5, 6, 7, 48, 49]"
3,sample3,24632353.501378734,641360158.2352563,"[0, 1, 2, 3, 4, 5, 6, 7, 33, 49]"
4,sample4,17084752.198455498,443795798.69699097,"[0, 1, 2, 3, 4, 5, 6, 33, 48, 49]"
