,RAU,Anonimized
0,Distance RAU,1.976904507946033
1,Cost RAU,2.004080853628261
