,RAU,Anonimized
0,Distance RAU,1.696859341410762
1,Cost RAU,1.7226148664179348
