,RAU,Anonimized
0,Distance RAU,1.0033738023656704
1,Cost RAU,1.003287566546067
