,RAU,Anonimized
0,Distance RAU,1.0078450062976818
1,Cost RAU,1.0070724519038987
