,,Anonimized distance,Anonimized cost,Anonimized solution
0,sample0,10108069.576766532,258709523.72718495,"[3, 5, 16, 17, 19, 22, 23, 33, 42, 49]"
1,sample1,10068455.16390964,257629147.03031406,"[2, 3, 5, 9, 16, 17, 22, 23, 29, 33]"
2,sample2,10103307.560722683,258794576.0821308,"[2, 3, 5, 16, 17, 22, 23, 33, 36, 42]"
3,sample3,10078510.696816986,257884370.2927095,"[2, 3, 5, 16, 17, 19, 22, 23, 29, 33]"
4,sample4,10078510.696816986,257884370.2927095,"[2, 3, 5, 16, 17, 19, 22, 23, 29, 33]"
