,RAU,Anonimized
0,Distance RAU,1.001878696859547
1,Cost RAU,1.0021397053130436
