,RAU,Anonimized
0,Distance RAU,1.0001997433120304
1,Cost RAU,1.0001981322884752
