,RAU,Anonimized
0,Distance RAU,2.087667056877483
1,Cost RAU,2.1264482106075118
