,RAU,Anonimized
0,Distance RAU,1.030633864053162
1,Cost RAU,1.0303611172460103
