,,Anonimized distance,Anonimized cost,Anonimized solution
0,sample0,10574994.250688944,270465214.6958247,"[2, 3, 5, 8, 9, 16, 30, 33, 36, 38]"
1,sample1,10153726.911665574,259654511.73729372,"[2, 3, 5, 9, 16, 17, 21, 22, 29, 33]"
2,sample2,10238658.840107232,261915176.08194557,"[2, 3, 5, 8, 9, 16, 17, 21, 29, 33]"
3,sample3,10292778.912051722,263600749.21381232,"[2, 3, 5, 8, 9, 16, 17, 23, 33, 36]"
4,sample4,10624295.338617567,271619627.1175793,"[2, 3, 5, 9, 16, 17, 22, 29, 33, 36]"
