,RAU,Anonimized
0,Distance RAU,1.0220287478417485
1,Cost RAU,1.020610673451654
