,RAU,Anonimized
0,Distance RAU,1.0254186351179801
1,Cost RAU,1.0237979540368976
