,RAU,Anonimized
0,Distance RAU,1.0012787299786936
1,Cost RAU,1.0011349661611724
