,RAU,Anonimized
0,Distance RAU,1.0013985841211575
1,Cost RAU,1.0016644606362042
