,RAU,Anonimized
0,Distance RAU,1.0703041991076416
1,Cost RAU,1.0688770449308365
