,,Anonimized distance,Anonimized cost,Anonimized solution
0,sample0,10842153.093206609,277107660.67166346,"[3, 5, 9, 16, 20, 33, 38, 39, 42, 49]"
1,sample1,10624540.30305981,271647047.7810767,"[3, 4, 5, 9, 16, 21, 22, 33, 38, 39]"
2,sample2,10927882.134933079,279087259.15180916,"[2, 3, 5, 9, 16, 18, 19, 29, 33, 38]"
3,sample3,10887832.542350747,278213523.3324638,"[3, 5, 9, 16, 18, 19, 33, 38, 42, 49]"
4,sample4,10599141.12874729,270813915.89205754,"[3, 5, 9, 16, 17, 22, 27, 33, 42, 43]"
