,,Anonimized distance,Anonimized cost,Anonimized solution
0,sample0,10875233.317843806,277831350.0501097,"[2, 3, 5, 9, 16, 18, 20, 29, 33, 38]"
1,sample1,10359937.06269397,264738832.44794506,"[3, 5, 9, 16, 22, 30, 33, 38, 42, 49]"
2,sample2,10383082.11020962,265360384.9399117,"[3, 4, 5, 9, 16, 22, 30, 33, 38, 49]"
3,sample3,10799931.04019137,275931856.62540555,"[3, 5, 9, 16, 20, 22, 33, 38, 39, 42]"
4,sample4,10536290.613236515,269206799.7629714,"[3, 5, 9, 13, 16, 22, 29, 30, 33, 38]"
