,RAU,Anonimized
0,Distance RAU,1.051888761127735
1,Cost RAU,1.0504007325437705
