,,Anonimized distance,Anonimized cost,Anonimized solution
0,sample0,10536635.751429837,269174731.2122788,"[3, 5, 9, 16, 19, 22, 29, 33, 38, 39]"
1,sample1,10661015.727874251,272513503.53291214,"[3, 4, 5, 9, 16, 18, 20, 22, 33, 38]"
2,sample2,10324381.551922802,263760193.62990662,"[2, 3, 5, 9, 16, 22, 29, 30, 33, 38]"
3,sample3,10661015.727874251,272513503.53291214,"[3, 4, 5, 9, 16, 18, 20, 22, 33, 38]"
4,sample4,10835183.725261474,276957614.2307644,"[3, 5, 9, 16, 18, 20, 33, 38, 42, 49]"
