,RAU,Anonimized
0,Distance RAU,1.0531552581056602
1,Cost RAU,1.0518371556610762
