,RAU,Anonimized
0,Distance RAU,1.0588531760153874
1,Cost RAU,1.0577743499684322
