,RAU,Anonimized
0,Distance RAU,2.0662136261254678
1,Cost RAU,2.1045146825041092
