,,Anonimized distance,Anonimized cost,Anonimized solution
0,sample0,21983380.876923993,573255488.1168796,"[0, 1, 2, 3, 4, 5, 6, 7, 8, 28]"
1,sample1,16084372.760821175,417899660.3640112,"[28, 29, 42, 43, 44, 45, 46, 47, 48, 49]"
2,sample2,21983380.876923993,573255488.1168796,"[0, 1, 2, 3, 4, 5, 6, 7, 8, 28]"
3,sample3,21983380.876923993,573255488.1168796,"[0, 1, 2, 3, 4, 5, 6, 7, 8, 28]"
4,sample4,21983380.876923993,573255488.1168796,"[0, 1, 2, 3, 4, 5, 6, 7, 8, 28]"
