,RAU,Anonimized
0,Distance RAU,1.0039225031488408
1,Cost RAU,1.0035362259519494
