,RAU,Anonimized
0,Distance RAU,1.0233058598788525
1,Cost RAU,1.0217391009882728
