,,Anonimized distance,Anonimized cost,Anonimized solution
0,sample0,10870765.935744915,277358670.54627365,"[2, 3, 5, 9, 16, 21, 29, 33, 36, 38]"
1,sample1,10977236.884669257,279938399.897148,"[3, 5, 9, 16, 21, 27, 29, 33, 36, 38]"
2,sample2,11490300.00993048,293173120.90186614,"[2, 3, 5, 9, 16, 27, 29, 32, 33, 38]"
3,sample3,10977236.884669257,279938399.897148,"[3, 5, 9, 16, 21, 27, 29, 33, 36, 38]"
4,sample4,11155040.056742052,284712296.03344685,"[3, 5, 9, 16, 17, 21, 27, 33, 36, 38]"
