,RAU,Anonimized
0,Distance RAU,1.1018687349493326
1,Cost RAU,1.098572039373613
