,RAU,Anonimized
0,Distance RAU,1.0780089488047075
1,Cost RAU,1.0748489947987434
