,,Anonimized distance,Anonimized cost,Anonimized solution
0,sample0,10977236.884669257,279938399.897148,"[3, 5, 9, 16, 21, 27, 29, 33, 36, 38]"
1,sample1,10690924.900421225,272719455.58755016,"[2, 3, 5, 9, 16, 21, 27, 29, 33, 38]"
2,sample2,10863609.949505491,277100142.69343925,"[3, 5, 9, 16, 17, 21, 27, 29, 33, 38]"
3,sample3,10983558.862097073,280361607.7767738,"[2, 3, 5, 9, 16, 21, 27, 33, 36, 38]"
4,sample4,10754093.239974752,274442542.6270428,"[2, 3, 5, 9, 16, 17, 21, 29, 33, 38]"
