,RAU,Anonimized
0,Distance RAU,1.0832327164063211
1,Cost RAU,1.079898923800016
