,,Anonimized distance,Anonimized cost,Anonimized solution
0,sample0,10977236.884669257,279938399.897148,"[3, 5, 9, 16, 21, 27, 29, 33, 36, 38]"
1,sample1,11302547.564828826,288331211.46923935,"[3, 5, 9, 16, 21, 29, 32, 33, 36, 38]"
2,sample2,10870765.935744915,277358670.54627365,"[2, 3, 5, 9, 16, 21, 29, 33, 36, 38]"
3,sample3,10690924.900421225,272719455.58755016,"[2, 3, 5, 9, 16, 21, 27, 29, 33, 38]"
4,sample4,10690924.900421225,272719455.58755016,"[2, 3, 5, 9, 16, 21, 27, 29, 33, 38]"
