,RAU,Anonimized
0,Distance RAU,1.0902602937556045
1,Cost RAU,1.0865944444718008
