,RAU,Anonimized
0,Distance RAU,1.0027166972408172
1,Cost RAU,1.002738451058786
