,RAU,Anonimized
0,Distance RAU,1.56833270811687
1,Cost RAU,1.5848408036045516
