,,Anonimized distance,Anonimized cost,Anonimized solution
0,sample0,17568606.347935855,456393455.95229477,"[0, 1, 2, 3, 22, 31, 33, 47, 48, 49]"
1,sample1,13520322.65779764,346328467.8417411,"[0, 1, 2, 3, 16, 22, 31, 33, 48, 49]"
2,sample2,17146188.991559368,445695042.95433736,"[0, 1, 2, 3, 9, 22, 33, 47, 48, 49]"
3,sample3,13097905.30142117,335630054.8437837,"[0, 1, 2, 3, 9, 16, 22, 33, 48, 49]"
4,sample4,17620414.470124424,457458900.465234,"[0, 1, 2, 3, 9, 22, 31, 33, 48, 49]"
