,RAU,Anonimized
0,Distance RAU,1.3111099589743147
1,Cost RAU,1.3125408828588587
