,RAU,Anonimized
0,Distance RAU,1.31366612409079
1,Cost RAU,1.314985029104143
