,,Anonimized distance,Anonimized cost,Anonimized solution
0,sample0,13226588.470755078,338778471.4057331,"[0, 1, 3, 9, 16, 22, 31, 33, 48, 49]"
1,sample1,13226588.470755078,338778471.4057331,"[0, 1, 3, 9, 16, 22, 31, 33, 48, 49]"
2,sample2,13226588.470755078,338778471.4057331,"[0, 1, 3, 9, 16, 22, 31, 33, 48, 49]"
3,sample3,13226588.470755078,338778471.4057331,"[0, 1, 3, 9, 16, 22, 31, 33, 48, 49]"
4,sample4,13226588.470755078,338778471.4057331,"[0, 1, 3, 9, 16, 22, 31, 33, 48, 49]"
