,RAU,Anonimized
0,Distance RAU,1.0152489732892853
1,Cost RAU,1.014236112281167
