,RAU,Anonimized
0,Distance RAU,1.0135551335419208
1,Cost RAU,1.0126638020590308
