,RAU,Anonimized
0,Distance RAU,1.0118590860130536
1,Cost RAU,1.0110488316959232
