,RAU,Anonimized
0,Distance RAU,1.0084691987368222
1,Cost RAU,1.0078615511106797
