,,Anonimized distance,Anonimized cost,Anonimized solution
0,sample0,17167660.815067675,445819133.68364674,"[0, 1, 2, 3, 4, 5, 31, 33, 48, 49]"
1,sample1,17167660.815067675,445819133.68364674,"[0, 1, 2, 3, 4, 5, 31, 33, 48, 49]"
2,sample2,17167660.815067675,445819133.68364674,"[0, 1, 2, 3, 4, 5, 31, 33, 48, 49]"
3,sample3,17167660.815067675,445819133.68364674,"[0, 1, 2, 3, 4, 5, 31, 33, 48, 49]"
4,sample4,17167660.815067675,445819133.68364674,"[0, 1, 2, 3, 4, 5, 31, 33, 48, 49]"
