,RAU,Anonimized
0,Distance RAU,1.7050938337199062
1,Cost RAU,1.730468539070966
