,RAU,Anonimized
0,Distance RAU,1.0085998409400845
1,Cost RAU,1.0078808992288537
