,RAU,Anonimized
0,Distance RAU,1.0067577065633653
1,Cost RAU,1.006231938441466
