,RAU,Anonimized
0,Distance RAU,1.0047534430044258
1,Cost RAU,1.0046711504906793
