,RAU,Anonimized
0,Distance RAU,1.0060514311677404
1,Cost RAU,1.0054722116564199
