,RAU,Anonimized
0,Distance RAU,1.0075208542734213
1,Cost RAU,1.0069440653561563
