,,Anonimized distance,Anonimized cost,Anonimized solution
0,sample0,10484960.624145113,268061267.84719914,"[1, 2, 3, 4, 5, 9, 16, 17, 22, 33]"
1,sample1,10546419.994838562,269659764.6083936,"[2, 3, 5, 9, 16, 17, 22, 33, 42, 48]"
2,sample2,10328932.272140296,264213930.73559117,"[3, 5, 9, 16, 17, 22, 33, 42, 48, 49]"
3,sample3,10546419.994838562,269659764.6083936,"[2, 3, 5, 9, 16, 17, 22, 33, 42, 48]"
4,sample4,10324381.551922802,263760193.62990662,"[2, 3, 5, 9, 16, 22, 29, 30, 33, 38]"
