,RAU,Anonimized
0,Distance RAU,1.0375199290772565
1,Cost RAU,1.0366489481660697
