,RAU,Anonimized
0,Distance RAU,1.037553576561965
1,Cost RAU,1.036398194879894
