,,Anonimized distance,Anonimized cost,Anonimized solution
0,sample0,10273293.862207599,262778939.81505674,"[2, 3, 4, 5, 9, 16, 17, 21, 22, 33]"
1,sample1,10546419.994838562,269659764.6083936,"[2, 3, 5, 9, 16, 17, 22, 33, 42, 48]"
2,sample2,10273293.862207599,262778939.81505674,"[2, 3, 4, 5, 9, 16, 17, 21, 22, 33]"
3,sample3,10815419.0576646,276054076.78490794,"[2, 3, 5, 9, 16, 17, 29, 33, 38, 48]"
4,sample4,10324381.551922802,263760193.62990662,"[2, 3, 5, 9, 16, 22, 29, 30, 33, 38]"
