,RAU,Anonimized
0,Distance RAU,1.0281985245919607
1,Cost RAU,1.027208604968228
