,RAU,Anonimized
0,Distance RAU,1.0342146379353636
1,Cost RAU,1.0338881414065102
