,RAU,Anonimized
0,Distance RAU,2.0815537871010505
1,Cost RAU,2.120229795422094
