,RAU,Anonimized
0,Distance RAU,1.003478176980095
1,Cost RAU,1.0034488739163347
