,RAU,Anonimized
0,Distance RAU,1.0486751665425829
1,Cost RAU,1.0475524717426483
