,RAU,Anonimized
0,Distance RAU,1.0459045389832762
1,Cost RAU,1.0448607192339898
