,,Anonimized distance,Anonimized cost,Anonimized solution
0,sample0,10153726.911665574,259654511.73729372,"[2, 3, 5, 9, 16, 17, 21, 22, 29, 33]"
1,sample1,10704820.72718995,273476344.5641482,"[2, 3, 5, 9, 16, 17, 21, 29, 33, 36]"
2,sample2,10624295.338617567,271619627.1175793,"[2, 3, 5, 9, 16, 17, 22, 29, 33, 36]"
3,sample3,10546076.466322845,269562768.7720662,"[3, 5, 9, 16, 17, 22, 27, 29, 33, 36]"
4,sample4,10624295.338617567,271619627.1175793,"[2, 3, 5, 9, 16, 17, 22, 29, 33, 36]"
