,RAU,Anonimized
0,Distance RAU,1.0552061031865478
1,Cost RAU,1.0543047254106657
