,,Anonimized distance,Anonimized cost,Anonimized solution
0,sample0,10218019.63808993,261108090.8560167,"[2, 3, 5, 9, 16, 17, 19, 22, 29, 33]"
1,sample1,10324381.551922802,263760193.62990662,"[2, 3, 5, 9, 16, 22, 29, 30, 33, 38]"
2,sample2,10293376.76136921,263235291.91755286,"[2, 3, 5, 9, 16, 17, 22, 29, 33, 48]"
3,sample3,10218019.63808993,261108090.8560167,"[2, 3, 5, 9, 16, 17, 19, 22, 29, 33]"
4,sample4,10324381.551922802,263760193.62990662,"[2, 3, 5, 9, 16, 22, 29, 30, 33, 38]"
