,RAU,Anonimized
0,Distance RAU,1.0205772048438904
1,Cost RAU,1.0192727616607045
