,RAU,Anonimized
0,Distance RAU,1.022689980083018
1,Cost RAU,1.0213316147093292
