,RAU,Anonimized
0,Distance RAU,1.0040901795933201
1,Cost RAU,1.0037040986804449
