,RAU,Anonimized
0,Distance RAU,1.024972615767434
1,Cost RAU,1.0234784002152852
