,RAU,Anonimized
0,Distance RAU,1.021193084639725
1,Cost RAU,1.0196802479396478
