,RAU,Anonimized
0,Distance RAU,2.0902252402644246
1,Cost RAU,2.1297117567652526
