,,Anonimized distance,Anonimized cost,Anonimized solution
0,sample0,21983380.876923993,573255488.1168796,"[0, 1, 2, 3, 4, 5, 6, 7, 8, 28]"
1,sample1,21983380.876923993,573255488.1168796,"[0, 1, 2, 3, 4, 5, 6, 7, 8, 28]"
2,sample2,21983380.876923993,573255488.1168796,"[0, 1, 2, 3, 4, 5, 6, 7, 8, 28]"
3,sample3,21983380.876923993,573255488.1168796,"[0, 1, 2, 3, 4, 5, 6, 7, 8, 28]"
4,sample4,17293172.062677104,450357164.11180013,"[0, 10, 18, 21, 22, 23, 24, 25, 28, 49]"
